CustomerID,CustomerName,Gender,Age,AgeGroup,City,State,Region,JoinDate,Email
C00001,Linda Smith,Female,32,26-35,New York,NY,East,2024-02-01,customer1@email.com
C00002,Sarah Davis,Female,38,36-45,Los Angeles,CA,West,2024-02-05,customer2@email.com
C00003,Joseph Jones,Male,28,26-35,Chicago,IL,Central,2021-05-02,customer3@email.com
C00004,Michael Perez,Male,57,56-65,Houston,TX,South,2021-03-29,customer4@email.com
C00005,Paul Williams,Male,19,18-25,Phoenix,AZ,West,2021-05-11,customer5@email.com
C00006,Donna Wilson,Female,55,46-55,Philadelphia,PA,East,2021-12-10,customer6@email.com
C00007,John Smith,Male,38,36-45,San Antonio,TX,South,2022-01-21,customer7@email.com
C00008,Jennifer Miller,Male,39,36-45,San Diego,CA,West,2024-03-30,customer8@email.com
C00009,Joseph Taylor,Male,66,65+,Dallas,TX,South,2021-09-10,customer9@email.com
C00010,Joshua Smith,Female,59,56-65,San Jose,CA,West,2022-04-20,customer10@email.com
C00011,Emily Miller,Male,64,56-65,Austin,TX,South,2022-12-01,customer11@email.com
C00012,Paul Wilson,Male,72,65+,Jacksonville,FL,South,2023-08-16,customer12@email.com
C00013,Joseph Anderson,Male,54,46-55,Fort Worth,TX,South,2023-04-12,customer13@email.com
C00014,Donna Rodriguez,Male,56,56-65,Columbus,OH,Central,2022-10-09,customer14@email.com
C00015,James Harris,Female,31,26-35,Charlotte,NC,South,2022-01-23,customer15@email.com
C00016,David Thompson,Male,43,36-45,Seattle,WA,West,2021-08-30,customer16@email.com
C00017,Margaret Hernandez,Male,45,36-45,Denver,CO,West,2022-07-19,customer17@email.com
C00018,Sarah Jones,Male,25,18-25,Boston,MA,East,2023-08-14,customer18@email.com
C00019,Susan Harris,Female,53,46-55,Nashville,TN,South,2021-02-04,customer19@email.com
C00020,Nancy Brown,Male,71,65+,Detroit,MI,Central,2023-10-23,customer20@email.com
C00021,Jennifer Gonzalez,Female,46,46-55,New York,NY,East,2024-02-04,customer21@email.com
C00022,Michael Lopez,Female,61,56-65,Los Angeles,CA,West,2022-12-04,customer22@email.com
C00023,Daniel Martin,Male,53,46-55,Chicago,IL,Central,2021-06-11,customer23@email.com
C00024,Thomas Sanchez,Female,32,26-35,Houston,TX,South,2021-09-27,customer24@email.com
C00025,John White,Female,74,65+,Phoenix,AZ,West,2022-04-01,customer25@email.com
C00026,Sandra Moore,Female,62,56-65,Philadelphia,PA,East,2021-10-23,customer26@email.com
C00027,Linda Robinson,Female,41,36-45,San Antonio,TX,South,2021-12-04,customer27@email.com
C00028,Matthew Williams,Male,62,56-65,San Diego,CA,West,2021-08-05,customer28@email.com
C00029,Emily Martinez,Male,62,56-65,Dallas,TX,South,2023-12-01,customer29@email.com
C00030,Michelle Lewis,Male,26,26-35,San Jose,CA,West,2021-03-06,customer30@email.com
C00031,Lisa Jackson,Male,41,36-45,Austin,TX,South,2024-02-27,customer31@email.com
C00032,Richard Thompson,Female,34,26-35,Jacksonville,FL,South,2023-12-23,customer32@email.com
C00033,Robert Johnson,Female,50,46-55,Fort Worth,TX,South,2022-01-27,customer33@email.com
C00034,Joseph Harris,Male,56,56-65,Columbus,OH,Central,2022-01-14,customer34@email.com
C00035,Charles Williams,Male,24,18-25,Charlotte,NC,South,2023-10-15,customer35@email.com
C00036,Joseph Ramirez,Female,51,46-55,Seattle,WA,West,2021-07-20,customer36@email.com
C00037,Michael Gonzalez,Male,40,36-45,Denver,CO,West,2023-11-23,customer37@email.com
C00038,Sarah Anderson,Female,57,56-65,Boston,MA,East,2023-03-16,customer38@email.com
C00039,Lisa Garcia,Female,18,18-25,Nashville,TN,South,2022-12-27,customer39@email.com
C00040,Lisa Lopez,Female,20,18-25,Detroit,MI,Central,2022-09-05,customer40@email.com
C00041,Susan Perez,Female,31,26-35,New York,NY,East,2023-10-26,customer41@email.com
C00042,Sarah Thompson,Male,32,26-35,Los Angeles,CA,West,2023-05-21,customer42@email.com
C00043,Robert Martin,Male,30,26-35,Chicago,IL,Central,2023-11-05,customer43@email.com
C00044,David Moore,Female,69,65+,Houston,TX,South,2023-05-14,customer44@email.com
C00045,Jessica Garcia,Female,47,46-55,Phoenix,AZ,West,2023-10-18,customer45@email.com
C00046,Sandra Gonzalez,Male,62,56-65,Philadelphia,PA,East,2022-04-30,customer46@email.com
C00047,Sarah Robinson,Male,30,26-35,San Antonio,TX,South,2024-04-09,customer47@email.com
C00048,Emily Davis,Female,68,65+,San Diego,CA,West,2024-03-29,customer48@email.com
C00049,Christopher Clark,Female,59,56-65,Dallas,TX,South,2024-01-15,customer49@email.com
C00050,Patricia Davis,Male,70,65+,San Jose,CA,West,2022-07-11,customer50@email.com
C00051,John Sanchez,Male,61,56-65,Austin,TX,South,2022-10-08,customer51@email.com
C00052,Christopher Gonzalez,Male,74,65+,Jacksonville,FL,South,2021-07-09,customer52@email.com
C00053,Sarah Williams,Female,58,56-65,Fort Worth,TX,South,2022-09-25,customer53@email.com
C00054,Susan Robinson,Female,26,26-35,Columbus,OH,Central,2022-12-11,customer54@email.com
C00055,Andrew Lewis,Male,68,65+,Charlotte,NC,South,2021-11-14,customer55@email.com
C00056,Christopher Miller,Male,71,65+,Seattle,WA,West,2022-11-15,customer56@email.com
C00057,Ashley Gonzalez,Male,69,65+,Denver,CO,West,2024-02-11,customer57@email.com
C00058,Sandra Jones,Male,73,65+,Boston,MA,East,2024-02-11,customer58@email.com
C00059,Thomas Jones,Male,19,18-25,Nashville,TN,South,2024-01-10,customer59@email.com
C00060,Jessica White,Male,40,36-45,Detroit,MI,Central,2022-10-04,customer60@email.com
C00061,Emily Moore,Male,19,18-25,New York,NY,East,2022-01-20,customer61@email.com
C00062,Thomas White,Female,49,46-55,Los Angeles,CA,West,2023-12-13,customer62@email.com
C00063,Donna Wilson,Female,28,26-35,Chicago,IL,Central,2021-09-04,customer63@email.com
C00064,Donna Gonzalez,Male,55,46-55,Houston,TX,South,2021-05-03,customer64@email.com
C00065,Lisa Davis,Male,51,46-55,Phoenix,AZ,West,2021-10-07,customer65@email.com
C00066,William Taylor,Male,65,56-65,Philadelphia,PA,East,2021-07-17,customer66@email.com
C00067,Ashley Williams,Female,23,18-25,San Antonio,TX,South,2021-05-24,customer67@email.com
C00068,Patricia Ramirez,Male,37,36-45,San Diego,CA,West,2022-04-09,customer68@email.com
C00069,Linda Jones,Female,36,36-45,Dallas,TX,South,2023-02-03,customer69@email.com
C00070,David Sanchez,Male,24,18-25,San Jose,CA,West,2021-05-27,customer70@email.com
C00071,Margaret Martin,Female,56,56-65,Austin,TX,South,2022-05-04,customer71@email.com
C00072,Robert Gonzalez,Female,28,26-35,Jacksonville,FL,South,2021-12-04,customer72@email.com
C00073,Matthew Martin,Male,48,46-55,Fort Worth,TX,South,2022-04-18,customer73@email.com
C00074,Sandra Taylor,Female,43,36-45,Columbus,OH,Central,2021-09-20,customer74@email.com
C00075,Thomas Moore,Female,66,65+,Charlotte,NC,South,2022-09-16,customer75@email.com
C00076,James Perez,Female,29,26-35,Seattle,WA,West,2021-01-02,customer76@email.com
C00077,Linda Perez,Female,72,65+,Denver,CO,West,2022-03-29,customer77@email.com
C00078,Paul Harris,Male,36,36-45,Boston,MA,East,2021-01-09,customer78@email.com
C00079,Sarah Harris,Female,37,36-45,Nashville,TN,South,2023-03-27,customer79@email.com
C00080,Nancy Brown,Male,50,46-55,Detroit,MI,Central,2021-06-01,customer80@email.com
C00081,Charles Wilson,Male,25,18-25,New York,NY,East,2022-09-20,customer81@email.com
C00082,David Anderson,Female,52,46-55,Los Angeles,CA,West,2021-04-14,customer82@email.com
C00083,James White,Male,52,46-55,Chicago,IL,Central,2024-02-10,customer83@email.com
C00084,Thomas Taylor,Male,63,56-65,Houston,TX,South,2021-06-02,customer84@email.com
C00085,Barbara Taylor,Female,52,46-55,Phoenix,AZ,West,2021-12-04,customer85@email.com
C00086,Michael Ramirez,Male,50,46-55,Philadelphia,PA,East,2023-08-15,customer86@email.com
C00087,Karen Clark,Female,65,56-65,San Antonio,TX,South,2023-03-12,customer87@email.com
C00088,Steven Martin,Female,50,46-55,San Diego,CA,West,2024-03-04,customer88@email.com
C00089,Richard Jones,Male,68,65+,Dallas,TX,South,2022-11-19,customer89@email.com
C00090,Lisa Harris,Male,63,56-65,San Jose,CA,West,2022-04-15,customer90@email.com
C00091,David Moore,Female,68,65+,Austin,TX,South,2021-02-07,customer91@email.com
C00092,Kimberly Robinson,Female,44,36-45,Jacksonville,FL,South,2022-03-14,customer92@email.com
C00093,James Martin,Male,50,46-55,Fort Worth,TX,South,2021-08-14,customer93@email.com
C00094,Christopher Thomas,Female,50,46-55,Columbus,OH,Central,2021-10-11,customer94@email.com
C00095,Mary Brown,Male,65,56-65,Charlotte,NC,South,2022-03-29,customer95@email.com
C00096,Lisa Lewis,Female,66,65+,Seattle,WA,West,2022-10-21,customer96@email.com
C00097,Karen Davis,Female,47,46-55,Denver,CO,West,2021-01-17,customer97@email.com
C00098,Patricia Davis,Male,23,18-25,Boston,MA,East,2022-04-22,customer98@email.com
C00099,Andrew Williams,Female,54,46-55,Nashville,TN,South,2021-04-09,customer99@email.com
C00100,Jennifer White,Male,63,56-65,Detroit,MI,Central,2021-10-07,customer100@email.com
C00101,Ashley Clark,Female,50,46-55,New York,NY,East,2021-06-30,customer101@email.com
C00102,Robert Harris,Male,38,36-45,Los Angeles,CA,West,2024-02-14,customer102@email.com
C00103,Paul Harris,Female,20,18-25,Chicago,IL,Central,2023-07-17,customer103@email.com
C00104,William Jones,Male,59,56-65,Houston,TX,South,2021-05-08,customer104@email.com
C00105,Donald Moore,Female,57,56-65,Phoenix,AZ,West,2022-07-20,customer105@email.com
C00106,David Rodriguez,Male,49,46-55,Philadelphia,PA,East,2022-11-17,customer106@email.com
C00107,Kimberly Ramirez,Male,44,36-45,San Antonio,TX,South,2023-05-04,customer107@email.com
C00108,Joshua Wilson,Female,34,26-35,San Diego,CA,West,2022-05-05,customer108@email.com
C00109,Susan Robinson,Female,60,56-65,Dallas,TX,South,2024-02-02,customer109@email.com
C00110,Paul Harris,Male,46,46-55,San Jose,CA,West,2021-09-03,customer110@email.com
C00111,Richard Thompson,Male,67,65+,Austin,TX,South,2023-01-29,customer111@email.com
C00112,Karen Gonzalez,Female,24,18-25,Jacksonville,FL,South,2023-07-10,customer112@email.com
C00113,Lisa Anderson,Female,18,18-25,Fort Worth,TX,South,2021-02-05,customer113@email.com
C00114,Kimberly Anderson,Male,31,26-35,Columbus,OH,Central,2022-05-27,customer114@email.com
C00115,Linda Davis,Female,32,26-35,Charlotte,NC,South,2023-08-30,customer115@email.com
C00116,Joseph Williams,Female,49,46-55,Seattle,WA,West,2024-01-21,customer116@email.com
C00117,Nancy Smith,Female,68,65+,Denver,CO,West,2022-12-28,customer117@email.com
C00118,Donna Moore,Female,39,36-45,Boston,MA,East,2022-07-29,customer118@email.com
C00119,Joseph Jackson,Female,66,65+,Nashville,TN,South,2021-11-10,customer119@email.com
C00120,Joseph Smith,Female,71,65+,Detroit,MI,Central,2022-11-13,customer120@email.com
C00121,Robert Thompson,Male,50,46-55,New York,NY,East,2023-09-30,customer121@email.com
C00122,Patricia Davis,Female,61,56-65,Los Angeles,CA,West,2021-09-21,customer122@email.com
C00123,Robert Lewis,Male,23,18-25,Chicago,IL,Central,2021-01-05,customer123@email.com
C00124,John Ramirez,Male,47,46-55,Houston,TX,South,2023-05-27,customer124@email.com
C00125,Nancy Williams,Female,57,56-65,Phoenix,AZ,West,2021-02-16,customer125@email.com
C00126,Steven Davis,Female,59,56-65,Philadelphia,PA,East,2022-10-18,customer126@email.com
C00127,Sarah Perez,Male,36,36-45,San Antonio,TX,South,2022-10-19,customer127@email.com
C00128,Ashley Miller,Male,54,46-55,San Diego,CA,West,2023-12-18,customer128@email.com
C00129,Paul Jones,Male,26,26-35,Dallas,TX,South,2021-04-27,customer129@email.com
C00130,Andrew Jackson,Male,18,18-25,San Jose,CA,West,2023-10-10,customer130@email.com
C00131,Donald Davis,Male,71,65+,Austin,TX,South,2023-03-13,customer131@email.com
C00132,Donald Sanchez,Male,62,56-65,Jacksonville,FL,South,2022-07-14,customer132@email.com
C00133,Anthony Miller,Female,56,56-65,Fort Worth,TX,South,2023-06-16,customer133@email.com
C00134,Michael Brown,Female,39,36-45,Columbus,OH,Central,2022-12-05,customer134@email.com
C00135,Margaret Lopez,Male,29,26-35,Charlotte,NC,South,2023-05-11,customer135@email.com
C00136,Margaret Wilson,Male,54,46-55,Seattle,WA,West,2021-06-03,customer136@email.com
C00137,Sandra Ramirez,Male,31,26-35,Denver,CO,West,2024-01-15,customer137@email.com
C00138,Patricia Perez,Male,47,46-55,Boston,MA,East,2023-12-29,customer138@email.com
C00139,Michael Johnson,Female,29,26-35,Nashville,TN,South,2023-08-16,customer139@email.com
C00140,Betty White,Male,65,56-65,Detroit,MI,Central,2023-07-01,customer140@email.com
C00141,Nancy Sanchez,Male,50,46-55,New York,NY,East,2021-12-07,customer141@email.com
C00142,Michael Davis,Male,27,26-35,Los Angeles,CA,West,2021-12-23,customer142@email.com
C00143,Richard Miller,Male,48,46-55,Chicago,IL,Central,2024-01-29,customer143@email.com
C00144,Paul Anderson,Female,49,46-55,Houston,TX,South,2023-02-01,customer144@email.com
C00145,William Wilson,Female,62,56-65,Phoenix,AZ,West,2023-02-08,customer145@email.com
C00146,Barbara Rodriguez,Female,33,26-35,Philadelphia,PA,East,2022-05-31,customer146@email.com
C00147,Sandra Davis,Male,49,46-55,San Antonio,TX,South,2021-09-15,customer147@email.com
C00148,Robert Anderson,Female,67,65+,San Diego,CA,West,2023-05-02,customer148@email.com
C00149,Emily Brown,Male,68,65+,Dallas,TX,South,2022-01-15,customer149@email.com
C00150,Patricia Lee,Female,61,56-65,San Jose,CA,West,2024-04-06,customer150@email.com
C00151,Paul Clark,Male,48,46-55,Austin,TX,South,2021-10-12,customer151@email.com
C00152,James Williams,Female,40,36-45,Jacksonville,FL,South,2022-05-14,customer152@email.com
C00153,Jessica Garcia,Female,46,46-55,Fort Worth,TX,South,2023-04-29,customer153@email.com
C00154,Anthony Thomas,Male,51,46-55,Columbus,OH,Central,2023-08-28,customer154@email.com
C00155,Donald Miller,Male,21,18-25,Charlotte,NC,South,2021-04-25,customer155@email.com
C00156,Betty Lewis,Female,62,56-65,Seattle,WA,West,2023-04-06,customer156@email.com
C00157,Patricia Garcia,Female,53,46-55,Denver,CO,West,2024-01-04,customer157@email.com
C00158,Matthew Smith,Female,74,65+,Boston,MA,East,2022-12-30,customer158@email.com
C00159,Matthew Rodriguez,Male,26,26-35,Nashville,TN,South,2022-11-07,customer159@email.com
C00160,Sandra Martinez,Female,66,65+,Detroit,MI,Central,2023-07-09,customer160@email.com
C00161,Margaret Thompson,Male,35,26-35,New York,NY,East,2024-01-28,customer161@email.com
C00162,Emily Perez,Female,41,36-45,Los Angeles,CA,West,2023-10-06,customer162@email.com
C00163,Ashley Jones,Female,54,46-55,Chicago,IL,Central,2022-10-25,customer163@email.com
C00164,Richard Martinez,Female,58,56-65,Houston,TX,South,2021-10-06,customer164@email.com
C00165,Susan Johnson,Female,42,36-45,Phoenix,AZ,West,2021-03-03,customer165@email.com
C00166,Donna White,Female,66,65+,Philadelphia,PA,East,2022-02-01,customer166@email.com
C00167,Paul Johnson,Female,36,36-45,San Antonio,TX,South,2022-01-31,customer167@email.com
C00168,Christopher Johnson,Male,45,36-45,San Diego,CA,West,2021-03-17,customer168@email.com
C00169,Patricia Jackson,Female,69,65+,Dallas,TX,South,2022-12-19,customer169@email.com
C00170,Donald Taylor,Female,33,26-35,San Jose,CA,West,2023-05-01,customer170@email.com
C00171,Kimberly Garcia,Male,29,26-35,Austin,TX,South,2023-06-04,customer171@email.com
C00172,Patricia Taylor,Female,38,36-45,Jacksonville,FL,South,2023-11-15,customer172@email.com
C00173,Jennifer Ramirez,Female,56,56-65,Fort Worth,TX,South,2024-03-20,customer173@email.com
C00174,Barbara Williams,Female,56,56-65,Columbus,OH,Central,2021-04-19,customer174@email.com
C00175,Joshua Williams,Female,22,18-25,Charlotte,NC,South,2022-02-02,customer175@email.com
C00176,Jessica Gonzalez,Female,60,56-65,Seattle,WA,West,2024-04-01,customer176@email.com
C00177,Linda Lewis,Female,26,26-35,Denver,CO,West,2022-10-20,customer177@email.com
C00178,Andrew Davis,Female,34,26-35,Boston,MA,East,2024-01-03,customer178@email.com
C00179,Donna Martin,Female,59,56-65,Nashville,TN,South,2024-04-12,customer179@email.com
C00180,John Martin,Female,19,18-25,Detroit,MI,Central,2023-08-04,customer180@email.com
C00181,Jennifer Wilson,Male,36,36-45,New York,NY,East,2021-01-29,customer181@email.com
C00182,Donna Jackson,Male,24,18-25,Los Angeles,CA,West,2022-05-15,customer182@email.com
C00183,Kimberly Hernandez,Female,53,46-55,Chicago,IL,Central,2021-08-05,customer183@email.com
C00184,Thomas Miller,Female,36,36-45,Houston,TX,South,2023-12-30,customer184@email.com
C00185,Christopher Davis,Male,56,56-65,Phoenix,AZ,West,2022-03-21,customer185@email.com
C00186,Thomas Gonzalez,Male,36,36-45,Philadelphia,PA,East,2021-04-01,customer186@email.com
C00187,William Perez,Male,62,56-65,San Antonio,TX,South,2021-02-08,customer187@email.com
C00188,Karen Anderson,Male,37,36-45,San Diego,CA,West,2022-10-15,customer188@email.com
C00189,Christopher Robinson,Female,58,56-65,Dallas,TX,South,2022-04-21,customer189@email.com
C00190,Robert Smith,Female,45,36-45,San Jose,CA,West,2023-10-22,customer190@email.com
C00191,Sandra Martin,Male,66,65+,Austin,TX,South,2021-07-09,customer191@email.com
C00192,Andrew Brown,Female,70,65+,Jacksonville,FL,South,2023-04-04,customer192@email.com
C00193,Robert Moore,Female,62,56-65,Fort Worth,TX,South,2021-05-14,customer193@email.com
C00194,Susan Taylor,Female,64,56-65,Columbus,OH,Central,2022-11-03,customer194@email.com
C00195,Thomas Jones,Male,38,36-45,Charlotte,NC,South,2024-03-18,customer195@email.com
C00196,Daniel Lewis,Female,53,46-55,Seattle,WA,West,2021-07-22,customer196@email.com
C00197,Robert Lewis,Female,31,26-35,Denver,CO,West,2021-02-16,customer197@email.com
C00198,Jessica Lopez,Male,70,65+,Boston,MA,East,2024-03-12,customer198@email.com
C00199,Charles Garcia,Female,28,26-35,Nashville,TN,South,2022-10-18,customer199@email.com
C00200,Mark Clark,Female,33,26-35,Detroit,MI,Central,2023-11-02,customer200@email.com
C00201,Paul Thompson,Male,41,36-45,New York,NY,East,2023-08-26,customer201@email.com
C00202,Karen Martin,Male,45,36-45,Los Angeles,CA,West,2022-10-30,customer202@email.com
C00203,Kimberly Smith,Male,67,65+,Chicago,IL,Central,2022-11-07,customer203@email.com
C00204,Emily Martinez,Male,58,56-65,Houston,TX,South,2022-06-24,customer204@email.com
C00205,Michael Lewis,Female,71,65+,Phoenix,AZ,West,2023-01-10,customer205@email.com
C00206,William Rodriguez,Female,50,46-55,Philadelphia,PA,East,2023-08-17,customer206@email.com
C00207,Linda Lewis,Female,46,46-55,San Antonio,TX,South,2022-04-06,customer207@email.com
C00208,Michael White,Female,23,18-25,San Diego,CA,West,2023-06-28,customer208@email.com
C00209,Emily Jones,Female,64,56-65,Dallas,TX,South,2023-06-02,customer209@email.com
C00210,Sarah Martinez,Male,47,46-55,San Jose,CA,West,2022-03-26,customer210@email.com
C00211,Joshua Miller,Male,73,65+,Austin,TX,South,2023-05-27,customer211@email.com
C00212,Nancy Miller,Female,49,46-55,Jacksonville,FL,South,2022-01-09,customer212@email.com
C00213,Thomas Taylor,Male,43,36-45,Fort Worth,TX,South,2021-06-26,customer213@email.com
C00214,Ashley Rodriguez,Male,44,36-45,Columbus,OH,Central,2021-03-04,customer214@email.com
C00215,Patricia Williams,Female,51,46-55,Charlotte,NC,South,2022-11-20,customer215@email.com
C00216,Margaret Clark,Male,18,18-25,Seattle,WA,West,2021-04-15,customer216@email.com
C00217,Sarah Johnson,Male,23,18-25,Denver,CO,West,2022-02-09,customer217@email.com
C00218,James Hernandez,Female,48,46-55,Boston,MA,East,2022-04-21,customer218@email.com
C00219,William Lee,Female,54,46-55,Nashville,TN,South,2023-02-10,customer219@email.com
C00220,Thomas Garcia,Female,36,36-45,Detroit,MI,Central,2022-11-08,customer220@email.com
C00221,Mark Moore,Male,26,26-35,New York,NY,East,2024-03-14,customer221@email.com
C00222,Margaret Moore,Female,30,26-35,Los Angeles,CA,West,2021-01-01,customer222@email.com
C00223,James Brown,Female,49,46-55,Chicago,IL,Central,2022-03-25,customer223@email.com
C00224,Robert Lewis,Male,25,18-25,Houston,TX,South,2021-02-03,customer224@email.com
C00225,Elizabeth Moore,Female,71,65+,Phoenix,AZ,West,2021-06-03,customer225@email.com
C00226,John Clark,Female,67,65+,Philadelphia,PA,East,2021-04-28,customer226@email.com
C00227,Lisa Jackson,Female,61,56-65,San Antonio,TX,South,2021-09-25,customer227@email.com
C00228,Emily Jones,Male,74,65+,San Diego,CA,West,2022-01-24,customer228@email.com
C00229,Margaret Jones,Male,64,56-65,Dallas,TX,South,2022-02-05,customer229@email.com
C00230,John Martinez,Female,38,36-45,San Jose,CA,West,2023-07-08,customer230@email.com
C00231,Lisa Lewis,Female,56,56-65,Austin,TX,South,2022-08-01,customer231@email.com
C00232,John Lewis,Female,67,65+,Jacksonville,FL,South,2023-02-03,customer232@email.com
C00233,Daniel Miller,Female,32,26-35,Fort Worth,TX,South,2021-04-08,customer233@email.com
C00234,Jessica Perez,Male,51,46-55,Columbus,OH,Central,2023-05-09,customer234@email.com
C00235,Michael Lopez,Female,41,36-45,Charlotte,NC,South,2021-09-06,customer235@email.com
C00236,Emily Lewis,Male,59,56-65,Seattle,WA,West,2023-10-17,customer236@email.com
C00237,Anthony Martin,Female,21,18-25,Denver,CO,West,2021-03-22,customer237@email.com
C00238,Elizabeth Robinson,Female,27,26-35,Boston,MA,East,2021-05-18,customer238@email.com
C00239,Jessica Ramirez,Male,41,36-45,Nashville,TN,South,2023-02-24,customer239@email.com
C00240,David Sanchez,Female,70,65+,Detroit,MI,Central,2021-03-10,customer240@email.com
C00241,Barbara Lewis,Male,60,56-65,New York,NY,East,2021-07-24,customer241@email.com
C00242,Anthony Smith,Male,72,65+,Los Angeles,CA,West,2021-04-21,customer242@email.com
C00243,Barbara White,Male,71,65+,Chicago,IL,Central,2023-04-28,customer243@email.com
C00244,Nancy Sanchez,Male,73,65+,Houston,TX,South,2023-06-19,customer244@email.com
C00245,Anthony Sanchez,Female,20,18-25,Phoenix,AZ,West,2021-10-08,customer245@email.com
C00246,Jessica Rodriguez,Female,67,65+,Philadelphia,PA,East,2022-10-29,customer246@email.com
C00247,David Sanchez,Male,36,36-45,San Antonio,TX,South,2021-03-02,customer247@email.com
C00248,Michael Gonzalez,Male,59,56-65,San Diego,CA,West,2023-10-26,customer248@email.com
C00249,John Ramirez,Male,18,18-25,Dallas,TX,South,2022-06-18,customer249@email.com
C00250,Donald Davis,Male,43,36-45,San Jose,CA,West,2022-10-07,customer250@email.com
C00251,Richard Clark,Male,31,26-35,Austin,TX,South,2023-12-06,customer251@email.com
C00252,Sandra Lopez,Male,64,56-65,Jacksonville,FL,South,2024-01-02,customer252@email.com
C00253,Karen Clark,Female,73,65+,Fort Worth,TX,South,2024-02-19,customer253@email.com
C00254,Joseph Davis,Male,65,56-65,Columbus,OH,Central,2021-12-16,customer254@email.com
C00255,Mary Perez,Male,18,18-25,Charlotte,NC,South,2021-12-03,customer255@email.com
C00256,Richard Gonzalez,Female,69,65+,Seattle,WA,West,2021-01-08,customer256@email.com
C00257,Nancy Rodriguez,Female,73,65+,Denver,CO,West,2022-12-20,customer257@email.com
C00258,Robert Harris,Male,45,36-45,Boston,MA,East,2022-12-27,customer258@email.com
C00259,Sarah Lopez,Male,62,56-65,Nashville,TN,South,2021-03-19,customer259@email.com
C00260,Steven Gonzalez,Male,73,65+,Detroit,MI,Central,2022-10-28,customer260@email.com
C00261,Paul Hernandez,Female,64,56-65,New York,NY,East,2023-06-02,customer261@email.com
C00262,Mary Brown,Female,64,56-65,Los Angeles,CA,West,2023-07-08,customer262@email.com
C00263,Thomas Garcia,Female,32,26-35,Chicago,IL,Central,2023-03-17,customer263@email.com
C00264,Donna Rodriguez,Male,56,56-65,Houston,TX,South,2022-04-30,customer264@email.com
C00265,John Brown,Male,61,56-65,Phoenix,AZ,West,2021-03-27,customer265@email.com
C00266,Joshua Wilson,Female,37,36-45,Philadelphia,PA,East,2022-06-21,customer266@email.com
C00267,Daniel White,Female,20,18-25,San Antonio,TX,South,2021-01-25,customer267@email.com
C00268,Christopher Wilson,Female,64,56-65,San Diego,CA,West,2021-08-21,customer268@email.com
C00269,Joshua Taylor,Female,51,46-55,Dallas,TX,South,2021-08-16,customer269@email.com
C00270,Linda Gonzalez,Female,66,65+,San Jose,CA,West,2022-09-15,customer270@email.com
C00271,Andrew Miller,Male,58,56-65,Austin,TX,South,2023-01-18,customer271@email.com
C00272,Thomas Johnson,Male,43,36-45,Jacksonville,FL,South,2022-09-05,customer272@email.com
C00273,Margaret Smith,Female,54,46-55,Fort Worth,TX,South,2021-11-11,customer273@email.com
C00274,Kimberly Robinson,Male,23,18-25,Columbus,OH,Central,2022-10-24,customer274@email.com
C00275,Paul Perez,Male,28,26-35,Charlotte,NC,South,2022-09-16,customer275@email.com
C00276,Richard Lopez,Male,72,65+,Seattle,WA,West,2021-12-16,customer276@email.com
C00277,Margaret Williams,Male,68,65+,Denver,CO,West,2024-03-06,customer277@email.com
C00278,Nancy Martin,Male,53,46-55,Boston,MA,East,2022-06-27,customer278@email.com
C00279,Christopher Perez,Male,19,18-25,Nashville,TN,South,2023-07-09,customer279@email.com
C00280,Linda White,Female,21,18-25,Detroit,MI,Central,2022-04-13,customer280@email.com
C00281,Karen Taylor,Female,47,46-55,New York,NY,East,2022-10-08,customer281@email.com
C00282,Karen Perez,Female,74,65+,Los Angeles,CA,West,2022-05-19,customer282@email.com
C00283,Anthony Hernandez,Female,25,18-25,Chicago,IL,Central,2021-07-13,customer283@email.com
C00284,Betty Thompson,Male,61,56-65,Houston,TX,South,2023-11-16,customer284@email.com
C00285,Charles Moore,Female,21,18-25,Phoenix,AZ,West,2021-11-22,customer285@email.com
C00286,William Miller,Female,66,65+,Philadelphia,PA,East,2022-12-25,customer286@email.com
C00287,Anthony Perez,Male,43,36-45,San Antonio,TX,South,2021-05-20,customer287@email.com
C00288,Matthew Perez,Male,54,46-55,San Diego,CA,West,2022-10-16,customer288@email.com
C00289,Barbara Martin,Female,30,26-35,Dallas,TX,South,2021-05-19,customer289@email.com
C00290,Andrew Martinez,Male,67,65+,San Jose,CA,West,2021-09-16,customer290@email.com
C00291,Betty Moore,Female,27,26-35,Austin,TX,South,2021-01-10,customer291@email.com
C00292,James Martinez,Male,57,56-65,Jacksonville,FL,South,2021-06-21,customer292@email.com
C00293,Charles Miller,Male,26,26-35,Fort Worth,TX,South,2021-11-17,customer293@email.com
C00294,Margaret Sanchez,Male,32,26-35,Columbus,OH,Central,2023-02-24,customer294@email.com
C00295,Donna Martin,Female,61,56-65,Charlotte,NC,South,2024-01-24,customer295@email.com
C00296,Christopher Anderson,Female,28,26-35,Seattle,WA,West,2021-11-30,customer296@email.com
C00297,Mark Anderson,Male,52,46-55,Denver,CO,West,2024-03-06,customer297@email.com
C00298,Susan Taylor,Female,39,36-45,Boston,MA,East,2022-05-28,customer298@email.com
C00299,Donald Sanchez,Female,47,46-55,Nashville,TN,South,2023-05-23,customer299@email.com
C00300,David Perez,Male,36,36-45,Detroit,MI,Central,2022-12-26,customer300@email.com
C00301,Jennifer Martinez,Female,21,18-25,New York,NY,East,2021-03-19,customer301@email.com
C00302,Steven Perez,Female,42,36-45,Los Angeles,CA,West,2022-08-24,customer302@email.com
C00303,Michelle Hernandez,Female,56,56-65,Chicago,IL,Central,2022-02-06,customer303@email.com
C00304,Jennifer Clark,Male,68,65+,Houston,TX,South,2022-09-08,customer304@email.com
C00305,Jessica Perez,Female,32,26-35,Phoenix,AZ,West,2022-02-26,customer305@email.com
C00306,Karen Davis,Male,50,46-55,Philadelphia,PA,East,2023-09-20,customer306@email.com
C00307,Richard Jones,Male,31,26-35,San Antonio,TX,South,2023-10-04,customer307@email.com
C00308,Mary Johnson,Female,68,65+,San Diego,CA,West,2023-04-01,customer308@email.com
C00309,Jessica Thomas,Male,23,18-25,Dallas,TX,South,2023-11-29,customer309@email.com
C00310,Michelle Ramirez,Female,25,18-25,San Jose,CA,West,2022-08-02,customer310@email.com
C00311,Robert Anderson,Male,32,26-35,Austin,TX,South,2022-07-08,customer311@email.com
C00312,Anthony Lewis,Female,53,46-55,Jacksonville,FL,South,2022-04-23,customer312@email.com
C00313,Andrew Miller,Male,50,46-55,Fort Worth,TX,South,2021-06-06,customer313@email.com
C00314,Matthew Thomas,Male,72,65+,Columbus,OH,Central,2023-10-18,customer314@email.com
C00315,Betty Davis,Male,39,36-45,Charlotte,NC,South,2021-10-16,customer315@email.com
C00316,Elizabeth Lee,Female,50,46-55,Seattle,WA,West,2022-06-01,customer316@email.com
C00317,James Lewis,Female,48,46-55,Denver,CO,West,2024-02-16,customer317@email.com
C00318,Michael Harris,Female,41,36-45,Boston,MA,East,2023-03-26,customer318@email.com
C00319,Margaret Davis,Male,46,46-55,Nashville,TN,South,2023-08-06,customer319@email.com
C00320,Barbara Sanchez,Male,29,26-35,Detroit,MI,Central,2024-03-26,customer320@email.com
C00321,Kimberly Anderson,Male,68,65+,New York,NY,East,2021-05-10,customer321@email.com
C00322,Patricia Moore,Female,43,36-45,Los Angeles,CA,West,2023-01-25,customer322@email.com
C00323,Jessica Robinson,Female,27,26-35,Chicago,IL,Central,2021-03-10,customer323@email.com
C00324,Linda Anderson,Female,25,18-25,Houston,TX,South,2023-05-22,customer324@email.com
C00325,William Sanchez,Male,63,56-65,Phoenix,AZ,West,2021-01-23,customer325@email.com
C00326,Sandra Perez,Male,30,26-35,Philadelphia,PA,East,2021-12-29,customer326@email.com
C00327,Kimberly Moore,Male,50,46-55,San Antonio,TX,South,2023-08-16,customer327@email.com
C00328,Joshua Hernandez,Female,61,56-65,San Diego,CA,West,2023-04-08,customer328@email.com
C00329,Mark Martin,Female,22,18-25,Dallas,TX,South,2021-12-22,customer329@email.com
C00330,Steven Wilson,Male,59,56-65,San Jose,CA,West,2023-06-07,customer330@email.com
C00331,Emily Anderson,Female,26,26-35,Austin,TX,South,2023-10-06,customer331@email.com
C00332,David White,Male,31,26-35,Jacksonville,FL,South,2023-10-11,customer332@email.com
C00333,Donald Anderson,Male,63,56-65,Fort Worth,TX,South,2023-02-18,customer333@email.com
C00334,Thomas Harris,Male,74,65+,Columbus,OH,Central,2022-02-24,customer334@email.com
C00335,Jessica Clark,Female,72,65+,Charlotte,NC,South,2023-10-22,customer335@email.com
C00336,Sarah Harris,Female,38,36-45,Seattle,WA,West,2022-01-06,customer336@email.com
C00337,Kimberly Thomas,Female,27,26-35,Denver,CO,West,2023-08-27,customer337@email.com
C00338,Jessica Rodriguez,Male,58,56-65,Boston,MA,East,2021-11-09,customer338@email.com
C00339,Mark Williams,Male,43,36-45,Nashville,TN,South,2022-07-29,customer339@email.com
C00340,Charles Davis,Female,24,18-25,Detroit,MI,Central,2021-03-16,customer340@email.com
C00341,Sarah Hernandez,Female,34,26-35,New York,NY,East,2022-04-20,customer341@email.com
C00342,Christopher Lewis,Male,61,56-65,Los Angeles,CA,West,2022-10-02,customer342@email.com
C00343,Paul Williams,Male,41,36-45,Chicago,IL,Central,2023-02-02,customer343@email.com
C00344,William Jones,Female,23,18-25,Houston,TX,South,2021-01-25,customer344@email.com
C00345,Joseph Gonzalez,Male,60,56-65,Phoenix,AZ,West,2024-03-30,customer345@email.com
C00346,Elizabeth Thompson,Male,67,65+,Philadelphia,PA,East,2022-10-24,customer346@email.com
C00347,Susan Williams,Male,37,36-45,San Antonio,TX,South,2023-12-09,customer347@email.com
C00348,Anthony Wilson,Female,39,36-45,San Diego,CA,West,2022-11-20,customer348@email.com
C00349,Nancy Moore,Female,57,56-65,Dallas,TX,South,2022-04-21,customer349@email.com
C00350,Sandra Wilson,Male,49,46-55,San Jose,CA,West,2022-07-15,customer350@email.com
C00351,Patricia Miller,Male,68,65+,Austin,TX,South,2024-03-10,customer351@email.com
C00352,Anthony Gonzalez,Female,49,46-55,Jacksonville,FL,South,2023-08-10,customer352@email.com
C00353,Donna Thompson,Male,62,56-65,Fort Worth,TX,South,2022-11-01,customer353@email.com
C00354,Mary Ramirez,Female,36,36-45,Columbus,OH,Central,2021-10-13,customer354@email.com
C00355,Andrew Gonzalez,Male,68,65+,Charlotte,NC,South,2021-01-18,customer355@email.com
C00356,Donald Smith,Female,71,65+,Seattle,WA,West,2024-04-13,customer356@email.com
C00357,Daniel Martinez,Female,47,46-55,Denver,CO,West,2023-09-15,customer357@email.com
C00358,Matthew Ramirez,Male,18,18-25,Boston,MA,East,2023-08-05,customer358@email.com
C00359,Anthony Moore,Male,20,18-25,Nashville,TN,South,2023-07-14,customer359@email.com
C00360,Paul Sanchez,Male,36,36-45,Detroit,MI,Central,2023-03-11,customer360@email.com
C00361,Joshua Lewis,Male,40,36-45,New York,NY,East,2021-06-11,customer361@email.com
C00362,Joseph Thomas,Male,67,65+,Los Angeles,CA,West,2021-02-24,customer362@email.com
C00363,Joseph Rodriguez,Male,72,65+,Chicago,IL,Central,2023-10-29,customer363@email.com
C00364,Margaret Thomas,Female,25,18-25,Houston,TX,South,2022-03-19,customer364@email.com
C00365,Mary Gonzalez,Male,54,46-55,Phoenix,AZ,West,2023-12-14,customer365@email.com
C00366,Nancy Perez,Female,45,36-45,Philadelphia,PA,East,2022-08-02,customer366@email.com
C00367,Betty White,Female,52,46-55,San Antonio,TX,South,2023-10-04,customer367@email.com
C00368,David Clark,Female,49,46-55,San Diego,CA,West,2021-04-06,customer368@email.com
C00369,Sandra Robinson,Female,33,26-35,Dallas,TX,South,2024-02-18,customer369@email.com
C00370,William Martin,Female,71,65+,San Jose,CA,West,2022-03-28,customer370@email.com
C00371,Paul Smith,Male,72,65+,Austin,TX,South,2022-04-14,customer371@email.com
C00372,Betty Jackson,Male,27,26-35,Jacksonville,FL,South,2023-08-02,customer372@email.com
C00373,Andrew Perez,Female,38,36-45,Fort Worth,TX,South,2023-02-14,customer373@email.com
C00374,Mary Williams,Male,36,36-45,Columbus,OH,Central,2021-05-27,customer374@email.com
C00375,Margaret Jones,Female,18,18-25,Charlotte,NC,South,2022-12-01,customer375@email.com
C00376,Sandra Garcia,Female,28,26-35,Seattle,WA,West,2023-03-26,customer376@email.com
C00377,Patricia Rodriguez,Female,20,18-25,Denver,CO,West,2023-01-16,customer377@email.com
C00378,Matthew Hernandez,Male,37,36-45,Boston,MA,East,2022-04-16,customer378@email.com
C00379,Susan Anderson,Male,47,46-55,Nashville,TN,South,2021-09-18,customer379@email.com
C00380,Christopher Hernandez,Male,61,56-65,Detroit,MI,Central,2023-06-24,customer380@email.com
C00381,Matthew Rodriguez,Female,34,26-35,New York,NY,East,2023-05-04,customer381@email.com
C00382,Anthony Rodriguez,Female,63,56-65,Los Angeles,CA,West,2022-12-15,customer382@email.com
C00383,Jennifer Thomas,Male,67,65+,Chicago,IL,Central,2021-05-08,customer383@email.com
C00384,Mary White,Female,26,26-35,Houston,TX,South,2024-02-13,customer384@email.com
C00385,Paul Johnson,Female,42,36-45,Phoenix,AZ,West,2022-07-06,customer385@email.com
C00386,Daniel Davis,Female,46,46-55,Philadelphia,PA,East,2022-05-09,customer386@email.com
C00387,Robert Harris,Female,54,46-55,San Antonio,TX,South,2024-02-07,customer387@email.com
C00388,John Harris,Female,38,36-45,San Diego,CA,West,2021-03-16,customer388@email.com
C00389,Mary Davis,Female,55,46-55,Dallas,TX,South,2021-02-11,customer389@email.com
C00390,Richard Clark,Female,42,36-45,San Jose,CA,West,2021-02-03,customer390@email.com
C00391,Mary Martin,Female,40,36-45,Austin,TX,South,2023-09-25,customer391@email.com
C00392,Elizabeth Davis,Male,74,65+,Jacksonville,FL,South,2021-12-08,customer392@email.com
C00393,William Thomas,Female,51,46-55,Fort Worth,TX,South,2022-10-08,customer393@email.com
C00394,Linda Jackson,Female,70,65+,Columbus,OH,Central,2021-09-25,customer394@email.com
C00395,Susan Anderson,Female,34,26-35,Charlotte,NC,South,2022-03-31,customer395@email.com
C00396,Thomas Harris,Male,63,56-65,Seattle,WA,West,2023-07-11,customer396@email.com
C00397,Lisa Garcia,Male,60,56-65,Denver,CO,West,2021-05-10,customer397@email.com
C00398,Joshua Martin,Male,68,65+,Boston,MA,East,2023-03-30,customer398@email.com
C00399,Linda Harris,Male,28,26-35,Nashville,TN,South,2023-03-05,customer399@email.com
C00400,David Martinez,Male,66,65+,Detroit,MI,Central,2021-01-11,customer400@email.com
C00401,Michael Jackson,Male,52,46-55,New York,NY,East,2021-07-06,customer401@email.com
C00402,Mary Robinson,Male,41,36-45,Los Angeles,CA,West,2021-04-08,customer402@email.com
C00403,Karen Jackson,Male,73,65+,Chicago,IL,Central,2023-01-28,customer403@email.com
C00404,Matthew Gonzalez,Male,52,46-55,Houston,TX,South,2023-01-21,customer404@email.com
C00405,Richard Williams,Female,60,56-65,Phoenix,AZ,West,2023-08-16,customer405@email.com
C00406,Donna Thompson,Female,19,18-25,Philadelphia,PA,East,2022-04-27,customer406@email.com
C00407,Jessica Brown,Male,34,26-35,San Antonio,TX,South,2021-03-14,customer407@email.com
C00408,Karen Ramirez,Female,59,56-65,San Diego,CA,West,2021-03-02,customer408@email.com
C00409,Joshua Sanchez,Male,20,18-25,Dallas,TX,South,2021-01-25,customer409@email.com
C00410,Linda Sanchez,Female,47,46-55,San Jose,CA,West,2021-04-18,customer410@email.com
C00411,Andrew Sanchez,Female,36,36-45,Austin,TX,South,2021-04-12,customer411@email.com
C00412,John Lopez,Female,66,65+,Jacksonville,FL,South,2023-12-04,customer412@email.com
C00413,Paul Wilson,Female,74,65+,Fort Worth,TX,South,2023-08-15,customer413@email.com
C00414,Lisa Williams,Female,41,36-45,Columbus,OH,Central,2021-01-12,customer414@email.com
C00415,Steven Lee,Female,38,36-45,Charlotte,NC,South,2021-12-05,customer415@email.com
C00416,Nancy Smith,Female,71,65+,Seattle,WA,West,2024-01-10,customer416@email.com
C00417,Anthony Clark,Female,42,36-45,Denver,CO,West,2023-09-03,customer417@email.com
C00418,Ashley Brown,Female,32,26-35,Boston,MA,East,2022-04-11,customer418@email.com
C00419,Margaret Lopez,Female,64,56-65,Nashville,TN,South,2022-05-04,customer419@email.com
C00420,Sandra Thompson,Female,34,26-35,Detroit,MI,Central,2023-02-17,customer420@email.com
C00421,Elizabeth Wilson,Male,24,18-25,New York,NY,East,2023-09-08,customer421@email.com
C00422,Barbara White,Female,26,26-35,Los Angeles,CA,West,2021-12-01,customer422@email.com
C00423,Kimberly Lee,Female,67,65+,Chicago,IL,Central,2023-06-02,customer423@email.com
C00424,Sarah Martin,Female,35,26-35,Houston,TX,South,2023-04-07,customer424@email.com
C00425,Paul Harris,Male,52,46-55,Phoenix,AZ,West,2023-09-17,customer425@email.com
C00426,Donald Anderson,Female,56,56-65,Philadelphia,PA,East,2022-02-06,customer426@email.com
C00427,Margaret Clark,Male,61,56-65,San Antonio,TX,South,2024-03-28,customer427@email.com
C00428,Donna Rodriguez,Female,20,18-25,San Diego,CA,West,2021-07-07,customer428@email.com
C00429,Christopher Ramirez,Female,43,36-45,Dallas,TX,South,2023-03-16,customer429@email.com
C00430,Jessica Clark,Male,56,56-65,San Jose,CA,West,2021-07-02,customer430@email.com
C00431,Jennifer Rodriguez,Female,39,36-45,Austin,TX,South,2022-05-12,customer431@email.com
C00432,Mark Davis,Female,50,46-55,Jacksonville,FL,South,2023-07-10,customer432@email.com
C00433,Sandra Jackson,Male,61,56-65,Fort Worth,TX,South,2021-01-16,customer433@email.com
C00434,Michelle Perez,Male,52,46-55,Columbus,OH,Central,2023-06-13,customer434@email.com
C00435,Matthew Hernandez,Female,72,65+,Charlotte,NC,South,2024-04-08,customer435@email.com
C00436,Mary Thomas,Male,49,46-55,Seattle,WA,West,2024-03-10,customer436@email.com
C00437,Christopher Garcia,Male,46,46-55,Denver,CO,West,2023-11-29,customer437@email.com
C00438,Ashley Miller,Male,70,65+,Boston,MA,East,2023-08-16,customer438@email.com
C00439,Daniel Sanchez,Female,73,65+,Nashville,TN,South,2023-01-18,customer439@email.com
C00440,Thomas Hernandez,Female,42,36-45,Detroit,MI,Central,2022-01-12,customer440@email.com
C00441,Sarah Lewis,Female,47,46-55,New York,NY,East,2021-12-06,customer441@email.com
C00442,Joshua Thompson,Male,73,65+,Los Angeles,CA,West,2021-01-03,customer442@email.com
C00443,Sarah Moore,Female,54,46-55,Chicago,IL,Central,2021-11-20,customer443@email.com
C00444,James Taylor,Male,63,56-65,Houston,TX,South,2022-03-08,customer444@email.com
C00445,Richard Williams,Male,74,65+,Phoenix,AZ,West,2022-08-08,customer445@email.com
C00446,Jessica White,Male,54,46-55,Philadelphia,PA,East,2023-08-22,customer446@email.com
C00447,Anthony Thomas,Male,23,18-25,San Antonio,TX,South,2021-03-02,customer447@email.com
C00448,Emily Harris,Female,63,56-65,San Diego,CA,West,2023-03-18,customer448@email.com
C00449,Jessica Thompson,Female,51,46-55,Dallas,TX,South,2021-01-11,customer449@email.com
C00450,Donald Lee,Female,21,18-25,San Jose,CA,West,2024-03-22,customer450@email.com
C00451,Ashley Anderson,Female,63,56-65,Austin,TX,South,2023-06-04,customer451@email.com
C00452,Mary Williams,Male,43,36-45,Jacksonville,FL,South,2024-02-05,customer452@email.com
C00453,Charles Davis,Male,20,18-25,Fort Worth,TX,South,2023-07-26,customer453@email.com
C00454,Betty Thompson,Female,66,65+,Columbus,OH,Central,2021-02-23,customer454@email.com
C00455,Jessica Martinez,Female,66,65+,Charlotte,NC,South,2024-01-28,customer455@email.com
C00456,Donna Lopez,Female,34,26-35,Seattle,WA,West,2022-02-23,customer456@email.com
C00457,Donald Moore,Female,52,46-55,Denver,CO,West,2021-08-04,customer457@email.com
C00458,Kimberly Lopez,Male,64,56-65,Boston,MA,East,2023-02-20,customer458@email.com
C00459,Margaret White,Female,31,26-35,Nashville,TN,South,2024-01-18,customer459@email.com
C00460,Emily Hernandez,Male,45,36-45,Detroit,MI,Central,2023-08-10,customer460@email.com
C00461,Daniel Thompson,Female,59,56-65,New York,NY,East,2023-07-10,customer461@email.com
C00462,Sandra Rodriguez,Male,42,36-45,Los Angeles,CA,West,2022-06-05,customer462@email.com
C00463,Karen Rodriguez,Male,32,26-35,Chicago,IL,Central,2023-08-13,customer463@email.com
C00464,Joseph Brown,Male,22,18-25,Houston,TX,South,2021-02-07,customer464@email.com
C00465,Richard Hernandez,Female,23,18-25,Phoenix,AZ,West,2024-04-14,customer465@email.com
C00466,Linda White,Male,30,26-35,Philadelphia,PA,East,2021-02-06,customer466@email.com
C00467,Paul Harris,Male,34,26-35,San Antonio,TX,South,2023-03-07,customer467@email.com
C00468,Barbara Miller,Female,49,46-55,San Diego,CA,West,2024-02-12,customer468@email.com
C00469,Susan White,Female,20,18-25,Dallas,TX,South,2021-11-14,customer469@email.com
C00470,Donald Rodriguez,Female,44,36-45,San Jose,CA,West,2023-11-30,customer470@email.com
C00471,Donna Harris,Female,57,56-65,Austin,TX,South,2021-08-04,customer471@email.com
C00472,Kimberly Martin,Female,65,56-65,Jacksonville,FL,South,2021-04-02,customer472@email.com
C00473,Charles Brown,Female,42,36-45,Fort Worth,TX,South,2023-02-20,customer473@email.com
C00474,Richard Martinez,Male,44,36-45,Columbus,OH,Central,2024-04-08,customer474@email.com
C00475,Joseph Lopez,Male,22,18-25,Charlotte,NC,South,2022-02-26,customer475@email.com
C00476,Barbara Martinez,Female,68,65+,Seattle,WA,West,2022-07-11,customer476@email.com
C00477,James Thompson,Female,27,26-35,Denver,CO,West,2023-11-21,customer477@email.com
C00478,Paul Jones,Male,47,46-55,Boston,MA,East,2022-11-03,customer478@email.com
C00479,Sarah Johnson,Female,31,26-35,Nashville,TN,South,2021-03-23,customer479@email.com
C00480,Patricia Moore,Female,56,56-65,Detroit,MI,Central,2022-08-12,customer480@email.com
C00481,Charles Thompson,Male,58,56-65,New York,NY,East,2023-12-06,customer481@email.com
C00482,William Lee,Male,51,46-55,Los Angeles,CA,West,2021-01-17,customer482@email.com
C00483,Ashley Brown,Male,62,56-65,Chicago,IL,Central,2022-12-01,customer483@email.com
C00484,James Jackson,Male,36,36-45,Houston,TX,South,2022-11-06,customer484@email.com
C00485,Charles Thomas,Male,58,56-65,Phoenix,AZ,West,2022-02-18,customer485@email.com
C00486,Donald Anderson,Male,32,26-35,Philadelphia,PA,East,2023-09-21,customer486@email.com
C00487,Nancy Garcia,Male,21,18-25,San Antonio,TX,South,2021-02-06,customer487@email.com
C00488,Patricia Rodriguez,Female,67,65+,San Diego,CA,West,2023-07-05,customer488@email.com
C00489,Donald Brown,Male,29,26-35,Dallas,TX,South,2023-01-01,customer489@email.com
C00490,Robert Gonzalez,Female,71,65+,San Jose,CA,West,2023-07-07,customer490@email.com
C00491,Ashley Williams,Male,73,65+,Austin,TX,South,2022-12-06,customer491@email.com
C00492,Andrew Lee,Female,64,56-65,Jacksonville,FL,South,2021-07-29,customer492@email.com
C00493,Patricia Jones,Male,52,46-55,Fort Worth,TX,South,2021-10-12,customer493@email.com
C00494,Elizabeth Sanchez,Female,24,18-25,Columbus,OH,Central,2023-08-06,customer494@email.com
C00495,Andrew Martinez,Male,23,18-25,Charlotte,NC,South,2021-01-29,customer495@email.com
C00496,Jennifer Davis,Female,68,65+,Seattle,WA,West,2023-05-29,customer496@email.com
C00497,Linda Moore,Female,43,36-45,Denver,CO,West,2022-04-04,customer497@email.com
C00498,Anthony Martin,Female,34,26-35,Boston,MA,East,2023-01-08,customer498@email.com
C00499,Joshua Sanchez,Male,56,56-65,Nashville,TN,South,2024-01-28,customer499@email.com
C00500,Michelle Davis,Female,28,26-35,Detroit,MI,Central,2023-06-06,customer500@email.com
C00501,Kimberly Gonzalez,Female,64,56-65,New York,NY,East,2023-06-03,customer501@email.com
C00502,Mark Robinson,Male,28,26-35,Los Angeles,CA,West,2023-09-01,customer502@email.com
C00503,Mark Martinez,Female,73,65+,Chicago,IL,Central,2023-04-29,customer503@email.com
C00504,Donna Wilson,Female,33,26-35,Houston,TX,South,2023-09-16,customer504@email.com
C00505,Karen Jackson,Female,23,18-25,Phoenix,AZ,West,2023-05-19,customer505@email.com
C00506,Michelle Johnson,Female,32,26-35,Philadelphia,PA,East,2022-07-24,customer506@email.com
C00507,Michelle White,Male,66,65+,San Antonio,TX,South,2024-03-31,customer507@email.com
C00508,Michael Harris,Female,35,26-35,San Diego,CA,West,2023-03-04,customer508@email.com
C00509,Susan Lee,Male,25,18-25,Dallas,TX,South,2022-05-07,customer509@email.com
C00510,Susan Rodriguez,Male,34,26-35,San Jose,CA,West,2023-12-20,customer510@email.com
C00511,Jennifer Garcia,Female,63,56-65,Austin,TX,South,2022-06-04,customer511@email.com
C00512,Jessica Garcia,Female,61,56-65,Jacksonville,FL,South,2021-07-18,customer512@email.com
C00513,Emily Williams,Female,20,18-25,Fort Worth,TX,South,2022-11-24,customer513@email.com
C00514,David Smith,Female,42,36-45,Columbus,OH,Central,2023-07-05,customer514@email.com
C00515,Anthony Anderson,Male,34,26-35,Charlotte,NC,South,2023-01-04,customer515@email.com
C00516,Joshua Thomas,Male,74,65+,Seattle,WA,West,2022-06-05,customer516@email.com
C00517,Charles Johnson,Male,71,65+,Denver,CO,West,2023-08-14,customer517@email.com
C00518,Joseph Martinez,Male,41,36-45,Boston,MA,East,2022-05-16,customer518@email.com
C00519,Charles Thompson,Male,30,26-35,Nashville,TN,South,2022-08-07,customer519@email.com
C00520,Sandra Williams,Male,35,26-35,Detroit,MI,Central,2022-12-22,customer520@email.com
C00521,Joseph Robinson,Male,48,46-55,New York,NY,East,2021-12-04,customer521@email.com
C00522,Thomas Sanchez,Male,62,56-65,Los Angeles,CA,West,2021-06-15,customer522@email.com
C00523,Donna Perez,Female,55,46-55,Chicago,IL,Central,2022-12-30,customer523@email.com
C00524,Richard Wilson,Female,41,36-45,Houston,TX,South,2023-02-18,customer524@email.com
C00525,Linda Moore,Male,63,56-65,Phoenix,AZ,West,2022-02-05,customer525@email.com
C00526,Joseph Lee,Female,45,36-45,Philadelphia,PA,East,2022-08-15,customer526@email.com
C00527,Elizabeth Robinson,Female,49,46-55,San Antonio,TX,South,2022-11-04,customer527@email.com
C00528,Sarah Clark,Male,19,18-25,San Diego,CA,West,2021-08-30,customer528@email.com
C00529,Elizabeth Williams,Male,30,26-35,Dallas,TX,South,2021-08-13,customer529@email.com
C00530,Patricia Garcia,Male,39,36-45,San Jose,CA,West,2022-08-12,customer530@email.com
C00531,Karen Martin,Male,56,56-65,Austin,TX,South,2024-02-01,customer531@email.com
C00532,Andrew Robinson,Female,67,65+,Jacksonville,FL,South,2021-03-31,customer532@email.com
C00533,Charles Anderson,Male,72,65+,Fort Worth,TX,South,2021-05-23,customer533@email.com
C00534,Linda Anderson,Male,28,26-35,Columbus,OH,Central,2022-03-04,customer534@email.com
C00535,Karen Thompson,Female,23,18-25,Charlotte,NC,South,2021-11-13,customer535@email.com
C00536,Betty Rodriguez,Female,56,56-65,Seattle,WA,West,2021-01-09,customer536@email.com
C00537,Steven Moore,Female,67,65+,Denver,CO,West,2021-08-11,customer537@email.com
C00538,Ashley Anderson,Female,67,65+,Boston,MA,East,2022-12-17,customer538@email.com
C00539,Jennifer Martin,Male,24,18-25,Nashville,TN,South,2024-01-13,customer539@email.com
C00540,John Lewis,Female,21,18-25,Detroit,MI,Central,2022-04-04,customer540@email.com
C00541,Margaret White,Male,20,18-25,New York,NY,East,2021-01-22,customer541@email.com
C00542,Christopher Martin,Female,59,56-65,Los Angeles,CA,West,2024-02-25,customer542@email.com
C00543,Thomas Smith,Male,71,65+,Chicago,IL,Central,2021-01-14,customer543@email.com
C00544,Jennifer Davis,Male,30,26-35,Houston,TX,South,2023-11-02,customer544@email.com
C00545,Andrew Jackson,Male,63,56-65,Phoenix,AZ,West,2021-05-02,customer545@email.com
C00546,Mary Harris,Male,72,65+,Philadelphia,PA,East,2022-11-16,customer546@email.com
C00547,Sarah Jackson,Female,68,65+,San Antonio,TX,South,2021-11-05,customer547@email.com
C00548,John Harris,Female,54,46-55,San Diego,CA,West,2023-07-03,customer548@email.com
C00549,Barbara Thomas,Female,20,18-25,Dallas,TX,South,2021-11-08,customer549@email.com
C00550,Kimberly Lee,Male,52,46-55,San Jose,CA,West,2023-07-13,customer550@email.com
C00551,Mark Robinson,Male,32,26-35,Austin,TX,South,2022-03-21,customer551@email.com
C00552,Sarah Garcia,Female,66,65+,Jacksonville,FL,South,2021-12-19,customer552@email.com
C00553,Donna Wilson,Female,41,36-45,Fort Worth,TX,South,2023-05-12,customer553@email.com
C00554,Ashley Williams,Female,45,36-45,Columbus,OH,Central,2022-02-08,customer554@email.com
C00555,Donald Lopez,Female,67,65+,Charlotte,NC,South,2022-06-16,customer555@email.com
C00556,Anthony Hernandez,Female,53,46-55,Seattle,WA,West,2023-08-05,customer556@email.com
C00557,Christopher Perez,Male,53,46-55,Denver,CO,West,2024-02-15,customer557@email.com
C00558,Michael Ramirez,Female,53,46-55,Boston,MA,East,2022-08-01,customer558@email.com
C00559,David Hernandez,Male,68,65+,Nashville,TN,South,2021-10-22,customer559@email.com
C00560,Anthony Thompson,Female,29,26-35,Detroit,MI,Central,2021-07-05,customer560@email.com
C00561,Ashley Martinez,Female,32,26-35,New York,NY,East,2022-06-14,customer561@email.com
C00562,Betty Clark,Female,53,46-55,Los Angeles,CA,West,2023-05-17,customer562@email.com
C00563,Emily Johnson,Female,59,56-65,Chicago,IL,Central,2023-01-22,customer563@email.com
C00564,Sandra Williams,Male,19,18-25,Houston,TX,South,2023-07-29,customer564@email.com
C00565,Christopher Rodriguez,Male,55,46-55,Phoenix,AZ,West,2022-01-10,customer565@email.com
C00566,Christopher Brown,Male,71,65+,Philadelphia,PA,East,2023-10-02,customer566@email.com
C00567,Betty Ramirez,Male,73,65+,San Antonio,TX,South,2022-01-16,customer567@email.com
C00568,Steven Clark,Male,19,18-25,San Diego,CA,West,2021-08-19,customer568@email.com
C00569,James Perez,Female,42,36-45,Dallas,TX,South,2023-04-18,customer569@email.com
C00570,Paul Anderson,Male,54,46-55,San Jose,CA,West,2021-01-28,customer570@email.com
C00571,Anthony Johnson,Male,57,56-65,Austin,TX,South,2021-09-18,customer571@email.com
C00572,Richard Taylor,Male,62,56-65,Jacksonville,FL,South,2022-04-05,customer572@email.com
C00573,Lisa Martin,Male,28,26-35,Fort Worth,TX,South,2023-07-08,customer573@email.com
C00574,Ashley Lee,Male,31,26-35,Columbus,OH,Central,2023-10-31,customer574@email.com
C00575,Mark Harris,Female,27,26-35,Charlotte,NC,South,2022-08-15,customer575@email.com
C00576,Patricia Miller,Female,18,18-25,Seattle,WA,West,2023-04-24,customer576@email.com
C00577,Sarah Moore,Male,60,56-65,Denver,CO,West,2021-05-13,customer577@email.com
C00578,William Robinson,Female,71,65+,Boston,MA,East,2023-08-30,customer578@email.com
C00579,Charles Anderson,Female,64,56-65,Nashville,TN,South,2024-02-19,customer579@email.com
C00580,Ashley Brown,Female,73,65+,Detroit,MI,Central,2021-06-14,customer580@email.com
C00581,Mary Lee,Female,23,18-25,New York,NY,East,2021-06-05,customer581@email.com
C00582,Joshua Sanchez,Female,37,36-45,Los Angeles,CA,West,2022-09-12,customer582@email.com
C00583,Jessica Thompson,Male,54,46-55,Chicago,IL,Central,2021-11-30,customer583@email.com
C00584,David Martinez,Male,18,18-25,Houston,TX,South,2023-11-10,customer584@email.com
C00585,Emily Smith,Male,54,46-55,Phoenix,AZ,West,2021-04-29,customer585@email.com
C00586,Emily Wilson,Male,66,65+,Philadelphia,PA,East,2023-12-19,customer586@email.com
C00587,Jennifer Davis,Male,59,56-65,San Antonio,TX,South,2022-11-22,customer587@email.com
C00588,Linda Anderson,Female,41,36-45,San Diego,CA,West,2021-10-03,customer588@email.com
C00589,Linda Lee,Female,67,65+,Dallas,TX,South,2021-05-06,customer589@email.com
C00590,Elizabeth Thomas,Male,64,56-65,San Jose,CA,West,2023-11-29,customer590@email.com
C00591,Charles Taylor,Female,61,56-65,Austin,TX,South,2022-03-03,customer591@email.com
C00592,Sarah Wilson,Male,62,56-65,Jacksonville,FL,South,2021-05-31,customer592@email.com
C00593,Donald Thomas,Female,59,56-65,Fort Worth,TX,South,2021-11-04,customer593@email.com
C00594,Jessica Anderson,Female,67,65+,Columbus,OH,Central,2023-06-11,customer594@email.com
C00595,Emily Jones,Female,46,46-55,Charlotte,NC,South,2021-05-09,customer595@email.com
C00596,Matthew Miller,Female,64,56-65,Seattle,WA,West,2022-06-01,customer596@email.com
C00597,Joshua Taylor,Female,60,56-65,Denver,CO,West,2021-11-07,customer597@email.com
C00598,William Ramirez,Male,43,36-45,Boston,MA,East,2021-04-24,customer598@email.com
C00599,Robert Rodriguez,Female,29,26-35,Nashville,TN,South,2021-10-30,customer599@email.com
C00600,Anthony Hernandez,Female,63,56-65,Detroit,MI,Central,2023-09-14,customer600@email.com
C00601,Steven Rodriguez,Female,48,46-55,New York,NY,East,2023-03-12,customer601@email.com
C00602,James Martinez,Female,58,56-65,Los Angeles,CA,West,2023-12-13,customer602@email.com
C00603,Karen Clark,Female,26,26-35,Chicago,IL,Central,2023-10-07,customer603@email.com
C00604,Donna Jackson,Male,65,56-65,Houston,TX,South,2024-03-30,customer604@email.com
C00605,Ashley Ramirez,Female,30,26-35,Phoenix,AZ,West,2023-02-20,customer605@email.com
C00606,Elizabeth Anderson,Female,21,18-25,Philadelphia,PA,East,2024-03-28,customer606@email.com
C00607,Paul Thomas,Male,55,46-55,San Antonio,TX,South,2024-01-31,customer607@email.com
C00608,Daniel Hernandez,Female,35,26-35,San Diego,CA,West,2021-01-19,customer608@email.com
C00609,Emily Harris,Female,36,36-45,Dallas,TX,South,2022-02-01,customer609@email.com
C00610,Paul Gonzalez,Female,38,36-45,San Jose,CA,West,2023-04-02,customer610@email.com
C00611,Sandra Robinson,Male,24,18-25,Austin,TX,South,2023-12-25,customer611@email.com
C00612,Christopher Ramirez,Female,46,46-55,Jacksonville,FL,South,2021-05-23,customer612@email.com
C00613,Richard Thompson,Female,52,46-55,Fort Worth,TX,South,2021-11-01,customer613@email.com
C00614,Jessica Jackson,Male,52,46-55,Columbus,OH,Central,2021-04-12,customer614@email.com
C00615,Matthew Davis,Female,27,26-35,Charlotte,NC,South,2023-08-26,customer615@email.com
C00616,Anthony Johnson,Male,20,18-25,Seattle,WA,West,2023-08-20,customer616@email.com
C00617,Christopher White,Female,65,56-65,Denver,CO,West,2021-03-26,customer617@email.com
C00618,Donald Thompson,Female,46,46-55,Boston,MA,East,2022-03-30,customer618@email.com
C00619,Matthew Gonzalez,Male,22,18-25,Nashville,TN,South,2024-03-23,customer619@email.com
C00620,Elizabeth Thomas,Female,61,56-65,Detroit,MI,Central,2021-10-31,customer620@email.com
C00621,John Jones,Male,40,36-45,New York,NY,East,2023-02-22,customer621@email.com
C00622,Steven Jackson,Female,60,56-65,Los Angeles,CA,West,2022-05-13,customer622@email.com
C00623,Nancy Ramirez,Female,60,56-65,Chicago,IL,Central,2023-10-02,customer623@email.com
C00624,Michael Ramirez,Female,70,65+,Houston,TX,South,2023-10-12,customer624@email.com
C00625,Mark Brown,Female,53,46-55,Phoenix,AZ,West,2024-02-22,customer625@email.com
C00626,Kimberly Robinson,Male,21,18-25,Philadelphia,PA,East,2022-12-16,customer626@email.com
C00627,Sandra Smith,Male,36,36-45,San Antonio,TX,South,2023-02-28,customer627@email.com
C00628,Elizabeth Wilson,Male,69,65+,San Diego,CA,West,2023-08-22,customer628@email.com
C00629,Elizabeth Williams,Male,64,56-65,Dallas,TX,South,2022-05-09,customer629@email.com
C00630,Donald Sanchez,Female,33,26-35,San Jose,CA,West,2024-03-25,customer630@email.com
C00631,Thomas Hernandez,Female,35,26-35,Austin,TX,South,2021-04-16,customer631@email.com
C00632,Michelle Thompson,Male,21,18-25,Jacksonville,FL,South,2021-01-02,customer632@email.com
C00633,Betty Lee,Male,28,26-35,Fort Worth,TX,South,2021-03-31,customer633@email.com
C00634,Jennifer Ramirez,Male,30,26-35,Columbus,OH,Central,2024-02-06,customer634@email.com
C00635,Nancy Ramirez,Female,73,65+,Charlotte,NC,South,2021-06-08,customer635@email.com
C00636,Paul Gonzalez,Male,53,46-55,Seattle,WA,West,2022-03-21,customer636@email.com
C00637,Christopher Lee,Female,24,18-25,Denver,CO,West,2024-01-13,customer637@email.com
C00638,Ashley Ramirez,Male,59,56-65,Boston,MA,East,2024-04-10,customer638@email.com
C00639,Paul Johnson,Female,72,65+,Nashville,TN,South,2022-07-13,customer639@email.com
C00640,Michelle Williams,Female,45,36-45,Detroit,MI,Central,2024-02-16,customer640@email.com
C00641,Jessica Lee,Male,27,26-35,New York,NY,East,2023-11-16,customer641@email.com
C00642,Charles Davis,Male,59,56-65,Los Angeles,CA,West,2023-09-11,customer642@email.com
C00643,Jennifer Wilson,Female,66,65+,Chicago,IL,Central,2022-08-07,customer643@email.com
C00644,Michael Harris,Male,21,18-25,Houston,TX,South,2024-03-23,customer644@email.com
C00645,Michael Anderson,Female,53,46-55,Phoenix,AZ,West,2021-02-19,customer645@email.com
C00646,David Thompson,Female,42,36-45,Philadelphia,PA,East,2023-12-20,customer646@email.com
C00647,Karen Lewis,Female,27,26-35,San Antonio,TX,South,2021-05-26,customer647@email.com
C00648,Mary Johnson,Male,22,18-25,San Diego,CA,West,2023-09-20,customer648@email.com
C00649,Christopher Sanchez,Male,61,56-65,Dallas,TX,South,2022-11-18,customer649@email.com
C00650,Patricia Martinez,Male,34,26-35,San Jose,CA,West,2022-11-04,customer650@email.com
C00651,Daniel Lopez,Male,32,26-35,Austin,TX,South,2022-10-24,customer651@email.com
C00652,Margaret Jones,Female,49,46-55,Jacksonville,FL,South,2022-02-23,customer652@email.com
C00653,Jessica Taylor,Male,30,26-35,Fort Worth,TX,South,2022-10-12,customer653@email.com
C00654,Anthony Jackson,Male,42,36-45,Columbus,OH,Central,2022-05-24,customer654@email.com
C00655,Barbara Garcia,Male,24,18-25,Charlotte,NC,South,2023-02-09,customer655@email.com
C00656,Barbara Williams,Female,66,65+,Seattle,WA,West,2022-09-29,customer656@email.com
C00657,Michelle Ramirez,Female,63,56-65,Denver,CO,West,2022-04-04,customer657@email.com
C00658,Matthew Martin,Female,56,56-65,Boston,MA,East,2024-01-31,customer658@email.com
C00659,Jessica Thomas,Male,57,56-65,Nashville,TN,South,2022-09-13,customer659@email.com
C00660,Donna Jones,Female,26,26-35,Detroit,MI,Central,2021-12-19,customer660@email.com
C00661,Joseph Anderson,Male,23,18-25,New York,NY,East,2022-10-10,customer661@email.com
C00662,Thomas Anderson,Female,30,26-35,Los Angeles,CA,West,2022-03-01,customer662@email.com
C00663,Thomas Perez,Female,22,18-25,Chicago,IL,Central,2022-07-15,customer663@email.com
C00664,James Lewis,Male,38,36-45,Houston,TX,South,2022-03-04,customer664@email.com
C00665,Sandra Lewis,Female,67,65+,Phoenix,AZ,West,2023-02-15,customer665@email.com
C00666,Charles Perez,Female,20,18-25,Philadelphia,PA,East,2021-03-08,customer666@email.com
C00667,Paul Garcia,Female,40,36-45,San Antonio,TX,South,2021-12-08,customer667@email.com
C00668,Robert Anderson,Female,34,26-35,San Diego,CA,West,2024-04-10,customer668@email.com
C00669,Daniel Jackson,Male,69,65+,Dallas,TX,South,2021-12-20,customer669@email.com
C00670,Karen Lee,Female,53,46-55,San Jose,CA,West,2022-10-24,customer670@email.com
C00671,Margaret Thompson,Male,48,46-55,Austin,TX,South,2022-03-29,customer671@email.com
C00672,Thomas Anderson,Male,59,56-65,Jacksonville,FL,South,2023-10-14,customer672@email.com
C00673,Karen Miller,Male,72,65+,Fort Worth,TX,South,2022-03-22,customer673@email.com
C00674,Matthew Ramirez,Male,33,26-35,Columbus,OH,Central,2023-07-01,customer674@email.com
C00675,Donald Brown,Male,47,46-55,Charlotte,NC,South,2023-09-07,customer675@email.com
C00676,Jessica Gonzalez,Male,68,65+,Seattle,WA,West,2021-08-25,customer676@email.com
C00677,Andrew Lopez,Male,37,36-45,Denver,CO,West,2024-02-02,customer677@email.com
C00678,Andrew Martinez,Male,47,46-55,Boston,MA,East,2021-12-30,customer678@email.com
C00679,Charles Smith,Male,39,36-45,Nashville,TN,South,2021-05-29,customer679@email.com
C00680,Betty Rodriguez,Female,49,46-55,Detroit,MI,Central,2023-09-05,customer680@email.com
C00681,James Jackson,Female,29,26-35,New York,NY,East,2024-03-30,customer681@email.com
C00682,Patricia Robinson,Male,53,46-55,Los Angeles,CA,West,2023-01-08,customer682@email.com
C00683,Joshua White,Male,62,56-65,Chicago,IL,Central,2022-04-26,customer683@email.com
C00684,Ashley Clark,Male,44,36-45,Houston,TX,South,2021-12-27,customer684@email.com
C00685,Charles Harris,Female,28,26-35,Phoenix,AZ,West,2023-01-31,customer685@email.com
C00686,Joseph Martin,Male,40,36-45,Philadelphia,PA,East,2023-04-15,customer686@email.com
C00687,Daniel Davis,Male,39,36-45,San Antonio,TX,South,2021-11-07,customer687@email.com
C00688,Richard Martin,Female,54,46-55,San Diego,CA,West,2021-05-23,customer688@email.com
C00689,Thomas Perez,Male,64,56-65,Dallas,TX,South,2021-09-01,customer689@email.com
C00690,William Lee,Male,35,26-35,San Jose,CA,West,2022-07-15,customer690@email.com
C00691,Michael Lewis,Female,47,46-55,Austin,TX,South,2024-03-27,customer691@email.com
C00692,John Martinez,Male,24,18-25,Jacksonville,FL,South,2021-05-14,customer692@email.com
C00693,Mark Johnson,Female,32,26-35,Fort Worth,TX,South,2023-08-06,customer693@email.com
C00694,Donna Lopez,Male,52,46-55,Columbus,OH,Central,2022-08-01,customer694@email.com
C00695,William Williams,Female,42,36-45,Charlotte,NC,South,2021-09-23,customer695@email.com
C00696,Charles Hernandez,Female,53,46-55,Seattle,WA,West,2021-09-10,customer696@email.com
C00697,Anthony Garcia,Female,63,56-65,Denver,CO,West,2021-04-05,customer697@email.com
C00698,Richard Jones,Female,69,65+,Boston,MA,East,2021-12-02,customer698@email.com
C00699,Paul Lewis,Female,23,18-25,Nashville,TN,South,2023-06-18,customer699@email.com
C00700,Lisa Taylor,Female,51,46-55,Detroit,MI,Central,2023-11-15,customer700@email.com
C00701,Steven Robinson,Male,42,36-45,New York,NY,East,2023-07-06,customer701@email.com
C00702,Sarah Clark,Female,29,26-35,Los Angeles,CA,West,2024-01-08,customer702@email.com
C00703,David Rodriguez,Male,30,26-35,Chicago,IL,Central,2021-05-08,customer703@email.com
C00704,Donald Sanchez,Female,35,26-35,Houston,TX,South,2022-06-27,customer704@email.com
C00705,Charles White,Male,23,18-25,Phoenix,AZ,West,2023-09-16,customer705@email.com
C00706,Nancy Sanchez,Male,19,18-25,Philadelphia,PA,East,2022-11-03,customer706@email.com
C00707,Linda Anderson,Male,48,46-55,San Antonio,TX,South,2023-12-20,customer707@email.com
C00708,Robert Jones,Female,51,46-55,San Diego,CA,West,2023-10-08,customer708@email.com
C00709,Joseph Ramirez,Male,28,26-35,Dallas,TX,South,2023-02-17,customer709@email.com
C00710,Betty Ramirez,Male,73,65+,San Jose,CA,West,2022-11-21,customer710@email.com
C00711,Emily Lopez,Male,26,26-35,Austin,TX,South,2022-04-02,customer711@email.com
C00712,Jennifer Sanchez,Male,45,36-45,Jacksonville,FL,South,2024-01-28,customer712@email.com
C00713,Betty Smith,Male,24,18-25,Fort Worth,TX,South,2021-07-09,customer713@email.com
C00714,Thomas Moore,Female,50,46-55,Columbus,OH,Central,2024-01-09,customer714@email.com
C00715,Linda Anderson,Male,69,65+,Charlotte,NC,South,2023-02-24,customer715@email.com
C00716,Lisa Perez,Female,55,46-55,Seattle,WA,West,2023-03-31,customer716@email.com
C00717,Thomas Jackson,Female,52,46-55,Denver,CO,West,2023-12-23,customer717@email.com
C00718,Matthew Clark,Female,39,36-45,Boston,MA,East,2022-06-03,customer718@email.com
C00719,Lisa Brown,Female,39,36-45,Nashville,TN,South,2022-03-31,customer719@email.com
C00720,Joseph Thomas,Male,44,36-45,Detroit,MI,Central,2022-05-25,customer720@email.com
C00721,Mary Martin,Male,32,26-35,New York,NY,East,2022-02-09,customer721@email.com
C00722,Emily Hernandez,Female,73,65+,Los Angeles,CA,West,2022-10-23,customer722@email.com
C00723,Michelle Davis,Male,38,36-45,Chicago,IL,Central,2023-06-20,customer723@email.com
C00724,Robert Lee,Female,70,65+,Houston,TX,South,2021-08-30,customer724@email.com
C00725,Sandra Robinson,Male,49,46-55,Phoenix,AZ,West,2021-12-04,customer725@email.com
C00726,Karen Lee,Male,66,65+,Philadelphia,PA,East,2021-06-13,customer726@email.com
C00727,Anthony Brown,Female,38,36-45,San Antonio,TX,South,2022-12-01,customer727@email.com
C00728,William Johnson,Male,70,65+,San Diego,CA,West,2021-11-04,customer728@email.com
C00729,John Martinez,Male,69,65+,Dallas,TX,South,2022-05-25,customer729@email.com
C00730,Ashley Brown,Female,57,56-65,San Jose,CA,West,2022-09-16,customer730@email.com
C00731,Michael Davis,Female,30,26-35,Austin,TX,South,2022-07-08,customer731@email.com
C00732,Paul Jones,Female,34,26-35,Jacksonville,FL,South,2022-09-17,customer732@email.com
C00733,Matthew Anderson,Male,18,18-25,Fort Worth,TX,South,2024-02-18,customer733@email.com
C00734,Lisa Perez,Male,46,46-55,Columbus,OH,Central,2024-02-28,customer734@email.com
C00735,Paul Wilson,Female,57,56-65,Charlotte,NC,South,2024-01-26,customer735@email.com
C00736,Donna White,Female,72,65+,Seattle,WA,West,2023-02-28,customer736@email.com
C00737,Elizabeth Lewis,Male,39,36-45,Denver,CO,West,2023-03-13,customer737@email.com
C00738,Anthony Lee,Male,34,26-35,Boston,MA,East,2021-07-19,customer738@email.com
C00739,Michael Clark,Male,62,56-65,Nashville,TN,South,2023-08-14,customer739@email.com
C00740,Ashley Martin,Male,61,56-65,Detroit,MI,Central,2022-04-12,customer740@email.com
C00741,Anthony Rodriguez,Male,25,18-25,New York,NY,East,2022-03-25,customer741@email.com
C00742,John Thompson,Male,40,36-45,Los Angeles,CA,West,2023-04-25,customer742@email.com
C00743,Lisa Miller,Female,68,65+,Chicago,IL,Central,2021-02-12,customer743@email.com
C00744,Mark Anderson,Male,34,26-35,Houston,TX,South,2022-02-12,customer744@email.com
C00745,Jessica Ramirez,Female,48,46-55,Phoenix,AZ,West,2021-05-28,customer745@email.com
C00746,Lisa Brown,Female,69,65+,Philadelphia,PA,East,2022-01-01,customer746@email.com
C00747,Lisa Moore,Female,68,65+,San Antonio,TX,South,2022-02-03,customer747@email.com
C00748,Daniel Johnson,Male,22,18-25,San Diego,CA,West,2022-06-24,customer748@email.com
C00749,Betty Rodriguez,Female,49,46-55,Dallas,TX,South,2023-02-12,customer749@email.com
C00750,Richard Brown,Male,55,46-55,San Jose,CA,West,2022-06-04,customer750@email.com
C00751,Sandra Williams,Female,34,26-35,Austin,TX,South,2023-09-19,customer751@email.com
C00752,Susan Lee,Female,19,18-25,Jacksonville,FL,South,2021-12-26,customer752@email.com
C00753,Joshua Smith,Male,66,65+,Fort Worth,TX,South,2022-04-08,customer753@email.com
C00754,Patricia Sanchez,Female,58,56-65,Columbus,OH,Central,2023-04-16,customer754@email.com
C00755,Nancy Davis,Female,67,65+,Charlotte,NC,South,2021-08-05,customer755@email.com
C00756,William Sanchez,Male,44,36-45,Seattle,WA,West,2021-05-29,customer756@email.com
C00757,Andrew Miller,Female,70,65+,Denver,CO,West,2023-02-09,customer757@email.com
C00758,Robert Clark,Female,49,46-55,Boston,MA,East,2021-06-09,customer758@email.com
C00759,Emily Miller,Male,27,26-35,Nashville,TN,South,2023-06-11,customer759@email.com
C00760,Donna Miller,Male,35,26-35,Detroit,MI,Central,2023-02-22,customer760@email.com
C00761,Joseph Hernandez,Male,57,56-65,New York,NY,East,2021-07-02,customer761@email.com
C00762,Elizabeth Sanchez,Male,42,36-45,Los Angeles,CA,West,2023-04-26,customer762@email.com
C00763,Joshua Smith,Male,37,36-45,Chicago,IL,Central,2023-03-01,customer763@email.com
C00764,Sarah Ramirez,Male,63,56-65,Houston,TX,South,2024-04-10,customer764@email.com
C00765,Elizabeth Jones,Female,52,46-55,Phoenix,AZ,West,2021-04-23,customer765@email.com
C00766,Paul Rodriguez,Female,72,65+,Philadelphia,PA,East,2021-05-02,customer766@email.com
C00767,Barbara Brown,Female,58,56-65,San Antonio,TX,South,2021-02-08,customer767@email.com
C00768,Mary Jones,Male,30,26-35,San Diego,CA,West,2023-08-01,customer768@email.com
C00769,James Lopez,Male,25,18-25,Dallas,TX,South,2023-10-19,customer769@email.com
C00770,Jessica Jackson,Female,24,18-25,San Jose,CA,West,2021-10-29,customer770@email.com
C00771,Christopher Smith,Female,28,26-35,Austin,TX,South,2022-10-25,customer771@email.com
C00772,Barbara Rodriguez,Female,60,56-65,Jacksonville,FL,South,2021-09-13,customer772@email.com
C00773,Patricia Jones,Female,30,26-35,Fort Worth,TX,South,2022-06-18,customer773@email.com
C00774,Anthony Taylor,Male,32,26-35,Columbus,OH,Central,2023-02-09,customer774@email.com
C00775,Linda White,Female,48,46-55,Charlotte,NC,South,2022-03-12,customer775@email.com
C00776,Robert Thomas,Male,39,36-45,Seattle,WA,West,2021-03-29,customer776@email.com
C00777,Mark Harris,Female,73,65+,Denver,CO,West,2022-02-25,customer777@email.com
C00778,Lisa Taylor,Male,36,36-45,Boston,MA,East,2022-05-30,customer778@email.com
C00779,Donna Brown,Female,56,56-65,Nashville,TN,South,2021-01-23,customer779@email.com
C00780,Mark Taylor,Female,54,46-55,Detroit,MI,Central,2021-04-18,customer780@email.com
C00781,Joseph Martin,Male,33,26-35,New York,NY,East,2024-02-09,customer781@email.com
C00782,John White,Female,20,18-25,Los Angeles,CA,West,2021-05-09,customer782@email.com
C00783,Kimberly Martinez,Male,52,46-55,Chicago,IL,Central,2022-03-25,customer783@email.com
C00784,Sandra Lee,Female,42,36-45,Houston,TX,South,2023-05-24,customer784@email.com
C00785,Mary Johnson,Female,63,56-65,Phoenix,AZ,West,2023-10-31,customer785@email.com
C00786,Donald Ramirez,Female,19,18-25,Philadelphia,PA,East,2021-08-19,customer786@email.com
C00787,Betty Wilson,Male,26,26-35,San Antonio,TX,South,2023-07-26,customer787@email.com
C00788,Michael Thomas,Female,59,56-65,San Diego,CA,West,2022-05-15,customer788@email.com
C00789,Mark Williams,Female,29,26-35,Dallas,TX,South,2022-08-25,customer789@email.com
C00790,Jennifer Hernandez,Male,74,65+,San Jose,CA,West,2021-07-28,customer790@email.com
C00791,Joshua Jones,Male,68,65+,Austin,TX,South,2023-11-10,customer791@email.com
C00792,Robert Jones,Male,36,36-45,Jacksonville,FL,South,2023-10-12,customer792@email.com
C00793,Sarah Martin,Male,64,56-65,Fort Worth,TX,South,2024-01-30,customer793@email.com
C00794,Donna Moore,Female,41,36-45,Columbus,OH,Central,2024-03-01,customer794@email.com
C00795,Christopher Gonzalez,Female,54,46-55,Charlotte,NC,South,2023-10-11,customer795@email.com
C00796,Joshua Taylor,Female,38,36-45,Seattle,WA,West,2023-04-02,customer796@email.com
C00797,Charles Anderson,Female,21,18-25,Denver,CO,West,2021-07-21,customer797@email.com
C00798,Steven Martin,Female,37,36-45,Boston,MA,East,2021-07-07,customer798@email.com
C00799,Margaret Brown,Female,21,18-25,Nashville,TN,South,2021-09-30,customer799@email.com
C00800,Linda Ramirez,Female,54,46-55,Detroit,MI,Central,2022-06-10,customer800@email.com
